payment_key,payment_id,amount,payment_date
1,1,2.99,"2005-05-25 11:30:37"
2,2,0.99,"2005-05-28 10:35:23"
3,3,5.99,"2005-06-15 00:54:12"
4,4,0.99,"2005-06-15 18:02:53"
5,5,9.99,"2005-06-15 21:08:46"
6,6,4.99,"2005-06-16 15:18:57"
7,7,4.99,"2005-06-18 08:41:48"
8,8,0.99,"2005-06-18 13:33:59"
9,9,3.99,"2005-06-21 06:24:45"
10,10,5.99,"2005-07-08 03:17:05"
11,11,5.99,"2005-07-08 07:33:56"
12,12,4.99,"2005-07-09 13:24:07"
13,13,4.99,"2005-07-09 16:38:01"
14,14,7.99,"2005-07-11 10:13:46"
15,15,2.99,"2005-07-27 11:31:22"
16,16,4.99,"2005-07-28 09:04:45"
17,17,4.99,"2005-07-28 16:18:23"
18,18,0.99,"2005-07-28 17:33:39"
19,19,0.99,"2005-07-28 19:20:07"
20,20,2.99,"2005-07-29 03:58:49"
21,21,2.99,"2005-07-31 02:42:18"
22,22,4.99,"2005-08-01 08:51:04"
23,23,3.99,"2005-08-02 15:36:52"
24,24,0.99,"2005-08-02 18:01:38"
25,25,4.99,"2005-08-17 12:37:54"
26,26,0.99,"2005-08-18 03:57:29"
27,27,0.99,"2005-08-19 09:55:16"
28,28,2.99,"2005-08-19 13:56:54"
29,29,0.99,"2005-08-21 23:33:57"
30,30,1.99,"2005-08-22 01:27:57"
31,31,2.99,"2005-08-22 19:41:37"
32,32,5.99,"2005-08-22 20:03:46"
33,33,4.99,"2005-05-27 00:09:24"
34,34,2.99,"2005-06-17 20:54:58"
35,35,2.99,"2005-07-10 06:31:24"
36,36,6.99,"2005-07-10 12:38:56"
37,37,4.99,"2005-07-27 14:30:42"
38,38,5.99,"2005-07-27 15:23:02"
39,39,5.99,"2005-07-27 18:40:20"
40,40,5.99,"2005-07-29 00:12:59"
41,41,2.99,"2005-07-29 12:56:59"
42,42,5.99,"2005-07-29 17:14:29"
43,43,4.99,"2005-07-30 06:06:10"
44,44,10.99,"2005-07-30 13:47:43"
45,45,0.99,"2005-07-30 14:14:11"
46,46,6.99,"2005-07-30 16:21:13"
47,47,6.99,"2005-07-30 22:39:53"
48,48,2.99,"2005-07-31 21:58:56"
49,49,0.99,"2005-08-01 09:45:26"
50,50,0.99,"2005-08-02 02:10:56"
51,51,5.99,"2005-08-02 07:41:41"
52,52,6.99,"2005-08-02 10:43:48"
53,53,2.99,"2005-08-02 13:44:53"
54,54,2.99,"2005-08-17 03:52:18"
55,55,2.99,"2005-08-19 06:26:04"
56,56,4.99,"2005-08-21 13:24:32"
57,57,5.99,"2005-08-21 22:41:56"
58,58,4.99,"2005-08-22 13:53:04"
59,59,4.99,"2005-08-23 17:39:35"
60,60,1.99,"2005-05-27 17:17:09"
61,61,2.99,"2005-05-29 22:43:55"
62,62,8.99,"2005-06-16 01:34:05"
63,63,6.99,"2005-06-16 15:19:10"
64,64,6.99,"2005-06-17 05:15:15"
65,65,2.99,"2005-06-19 08:34:53"
66,66,4.99,"2005-07-07 10:23:25"
67,67,4.99,"2005-07-08 12:47:11"
68,68,5.99,"2005-07-27 04:54:42"
69,69,10.99,"2005-07-27 20:23:12"
70,70,7.99,"2005-07-28 03:59:21"
71,71,6.99,"2005-07-28 04:46:30"
72,72,4.99,"2005-07-28 11:46:45"
73,73,4.99,"2005-07-28 18:17:14"
74,74,2.99,"2005-07-29 11:07:04"
75,75,1.99,"2005-07-30 13:31:20"
76,76,3.99,"2005-07-30 21:45:46"
77,77,2.99,"2005-07-31 03:27:58"
78,78,4.99,"2005-07-31 11:32:58"
79,79,5.99,"2005-08-01 14:19:48"
80,80,4.99,"2005-08-18 14:49:55"
81,81,8.99,"2005-08-19 22:18:07"
82,82,2.99,"2005-08-20 06:14:12"
83,83,8.99,"2005-08-21 20:50:48"
84,84,0.99,"2005-08-22 09:37:27"
85,85,2.99,"2005-08-23 07:10:14"
86,86,4.99,"2005-06-15 09:31:28"
87,87,0.99,"2005-06-16 08:08:40"
88,88,2.99,"2005-06-16 14:01:27"
89,89,0.99,"2005-06-16 15:51:52"
90,90,0.99,"2005-06-17 14:31:12"
91,91,5.99,"2005-06-19 09:39:01"
92,92,2.99,"2005-07-28 02:10:10"
93,93,2.99,"2005-07-28 04:37:59"
94,94,3.99,"2005-07-29 18:44:57"
95,95,5.99,"2005-07-30 08:46:09"
96,96,5.99,"2005-07-30 18:58:00"
97,97,0.99,"2005-08-02 07:09:34"
98,98,2.99,"2005-08-02 08:20:31"
99,99,4.99,"2005-08-17 00:28:01"
100,100,2.99,"2005-08-18 00:14:03"
101,101,8.99,"2005-08-18 05:14:44"
102,102,1.99,"2005-08-19 02:19:13"
103,103,2.99,"2005-08-20 09:32:04"
104,104,6.99,"2005-08-20 12:55:40"
105,105,4.99,"2005-08-21 04:53:37"
106,106,2.99,"2005-08-22 13:58:23"
107,107,1.99,"2005-08-23 07:43:00"
108,108,0.99,"2005-05-29 07:25:16"
109,109,6.99,"2005-05-31 11:15:43"
110,110,1.99,"2005-05-31 19:46:38"
111,111,3.99,"2005-06-15 22:03:14"
112,112,2.99,"2005-06-16 08:01:02"
113,113,4.99,"2005-06-17 15:56:53"
114,114,2.99,"2005-06-19 04:20:13"
115,115,4.99,"2005-06-20 18:38:22"
116,116,4.99,"2005-07-06 09:11:58"
117,117,2.99,"2005-07-08 20:04:43"
118,118,4.99,"2005-07-09 01:57:57"
119,119,5.99,"2005-07-09 07:13:52"
120,120,1.99,"2005-07-09 08:51:42"
121,121,0.99,"2005-07-10 11:09:35"
122,122,8.99,"2005-07-11 03:17:04"
123,123,3.99,"2005-07-12 11:27:35"
124,124,4.99,"2005-07-12 12:16:28"
125,125,0.99,"2005-07-27 12:37:28"
126,126,0.99,"2005-07-28 01:50:29"
127,127,3.99,"2005-07-28 08:43:39"
128,128,2.99,"2005-07-29 01:11:23"
129,129,1.99,"2005-07-30 04:14:28"
130,130,4.99,"2005-07-30 23:52:30"
131,131,3.99,"2005-07-31 14:00:53"
132,132,4.99,"2005-08-01 14:48:45"
133,133,0.99,"2005-08-01 15:27:10"
134,134,4.99,"2005-08-02 04:56:45"
135,135,4.99,"2005-08-02 10:50:06"
136,136,3.99,"2005-08-17 16:28:53"
137,137,9.99,"2005-08-18 00:10:04"
138,138,2.99,"2005-08-19 00:24:08"
139,139,1.99,"2005-08-19 09:45:41"
140,140,0.99,"2005-08-20 15:16:18"
141,141,6.99,"2005-08-20 22:13:59"
142,142,6.99,"2005-08-21 11:31:11"
143,143,2.99,"2005-08-21 14:02:50"
144,144,0.99,"2005-08-22 17:37:02"
145,145,0.99,"2006-02-14 15:16:03"
146,146,4.99,"2005-05-25 08:43:32"
147,147,2.99,"2005-05-28 11:09:14"
148,148,0.99,"2005-05-30 11:25:01"
149,149,3.99,"2005-06-16 03:41:38"
150,150,2.99,"2005-06-16 23:44:13"
151,151,0.99,"2005-06-17 09:19:45"
152,152,0.99,"2005-06-18 12:03:23"
153,153,0.99,"2005-07-06 23:14:21"
154,154,2.99,"2005-07-07 14:53:24"
155,155,0.99,"2005-07-10 03:03:35"
156,156,5.99,"2005-07-11 12:39:01"
157,157,7.99,"2005-07-11 15:01:54"
158,158,0.99,"2005-07-12 12:18:38"
159,159,2.99,"2005-07-27 05:03:44"
160,160,2.99,"2005-07-27 06:38:25"
161,161,0.99,"2005-07-28 18:47:23"
162,162,2.99,"2005-08-01 03:13:39"
163,163,2.99,"2005-08-02 05:36:38"
164,164,3.99,"2005-08-02 18:55:15"
165,165,6.99,"2005-08-17 02:29:41"
166,166,0.99,"2005-08-17 08:12:20"
167,167,0.99,"2005-08-17 13:39:32"
168,168,2.99,"2005-08-18 04:05:29"
169,169,6.99,"2005-08-20 00:18:25"
170,170,7.99,"2005-08-21 08:22:56"
171,171,4.99,"2005-08-21 09:49:28"
172,172,5.99,"2005-08-23 02:51:24"
173,173,0.99,"2005-08-23 06:41:32"
174,174,5.99,"2005-05-25 06:04:08"
175,175,0.99,"2005-05-25 19:30:46"
176,176,2.99,"2005-05-29 09:27:00"
177,177,4.99,"2005-05-30 21:07:15"
178,178,5.99,"2005-05-31 08:44:29"
179,179,0.99,"2005-06-16 21:06:00"
180,180,2.99,"2005-06-18 05:03:36"
181,181,0.99,"2005-06-19 14:00:26"
182,182,4.99,"2005-06-20 01:50:56"
183,183,0.99,"2005-06-20 10:11:53"
184,184,5.99,"2005-07-06 07:09:17"
185,185,2.99,"2005-07-07 13:22:20"
186,186,5.99,"2005-07-08 16:16:04"
187,187,4.99,"2005-07-08 18:47:38"
188,188,8.99,"2005-07-09 21:52:05"
189,189,7.99,"2005-07-10 21:35:12"
190,190,1.99,"2005-07-11 10:36:28"
191,191,2.99,"2005-07-11 17:30:58"
192,192,3.99,"2005-07-12 15:17:42"
193,193,5.99,"2005-07-29 07:02:55"
194,194,7.99,"2005-07-31 04:30:03"
195,195,6.99,"2005-08-01 04:57:04"
196,196,5.99,"2005-08-01 08:19:53"
197,197,4.99,"2005-08-01 11:39:26"
198,198,4.99,"2005-08-01 15:52:00"
199,199,3.99,"2005-08-02 04:40:54"
200,200,7.99,"2005-08-17 00:51:32"
201,201,8.99,"2005-08-18 07:57:14"
202,202,2.99,"2005-08-18 21:55:01"
203,203,2.99,"2005-08-19 21:23:31"
204,204,2.99,"2005-08-20 01:06:04"
205,205,0.99,"2005-08-20 05:53:31"
206,206,5.99,"2005-08-21 04:49:48"
207,207,6.99,"2005-05-30 03:43:54"
208,208,2.99,"2005-06-15 09:59:16"
209,209,5.99,"2005-06-17 18:21:35"
210,210,4.99,"2005-06-20 17:57:47"
211,211,5.99,"2005-07-05 23:01:21"
212,212,0.99,"2005-07-07 00:09:02"
213,213,2.99,"2005-07-07 10:02:03"
214,214,3.99,"2005-07-07 21:47:29"
215,215,3.99,"2005-07-08 02:17:12"
216,216,2.99,"2005-07-09 15:40:46"
217,217,2.99,"2005-07-09 17:13:23"
218,218,4.99,"2005-07-11 21:39:46"
219,219,0.99,"2005-07-12 10:43:53"
220,220,1.99,"2005-07-29 21:42:49"
221,221,2.99,"2005-07-31 04:54:43"
222,222,0.99,"2005-07-31 22:08:29"
223,223,2.99,"2005-08-01 13:05:35"
224,224,9.99,"2005-08-02 13:04:12"
225,225,2.99,"2005-08-02 14:42:45"
226,226,2.99,"2005-08-18 17:16:01"
227,227,0.99,"2005-08-21 01:07:11"
228,228,7.99,"2005-08-22 22:09:09"
229,229,2.99,"2005-08-23 13:05:10"
230,230,4.99,"2005-08-23 14:31:19"
231,231,4.99,"2005-05-27 05:01:28"
232,232,0.99,"2005-05-30 05:48:59"
233,233,4.99,"2005-05-31 10:13:34"
234,234,7.99,"2005-06-20 19:59:28"
235,235,4.99,"2005-06-21 04:08:43"
236,236,2.99,"2005-07-07 23:37:00"
237,237,0.99,"2005-07-08 13:59:38"
238,238,1.99,"2005-07-08 16:35:44"
239,239,2.99,"2005-07-10 07:45:40"
240,240,4.99,"2005-07-11 02:08:29"
241,241,5.99,"2005-07-11 10:17:29"
242,242,0.99,"2005-07-28 00:15:26"
243,243,2.99,"2005-07-28 07:51:56"
244,244,4.99,"2005-07-30 06:34:07"
245,245,0.99,"2005-08-01 09:11:25"
246,246,4.99,"2005-08-01 09:14:00"
247,247,5.99,"2005-08-02 19:00:52"
248,248,0.99,"2005-08-17 01:11:53"
249,249,2.99,"2005-08-18 03:08:10"
250,250,2.99,"2005-08-18 05:58:40"
251,251,4.99,"2005-08-18 18:48:58"
252,252,7.99,"2005-08-21 13:53:59"
253,253,4.99,"2006-02-14 15:16:03"
254,254,4.99,"2005-05-31 19:36:30"
255,255,4.99,"2005-06-16 20:21:53"
256,256,4.99,"2005-06-17 11:11:14"
257,257,3.99,"2005-06-18 03:26:23"
258,258,0.99,"2005-06-19 20:01:59"
259,259,0.99,"2005-06-20 00:00:55"
260,260,3.99,"2005-07-06 14:13:45"
261,261,4.99,"2005-07-07 03:06:40"
262,262,1.99,"2005-07-07 14:14:13"
263,263,7.99,"2005-07-09 03:12:52"
264,264,2.99,"2005-07-09 04:53:18"
265,265,0.99,"2005-07-09 21:58:57"
266,266,2.99,"2005-07-10 20:41:09"
267,267,2.99,"2005-07-28 05:21:42"
268,268,6.99,"2005-07-28 15:10:55"
269,269,4.99,"2005-07-28 22:34:12"
270,270,4.99,"2005-07-31 15:27:07"
271,271,8.99,"2005-08-01 17:09:59"
272,272,2.99,"2005-08-02 14:55:00"
273,273,0.99,"2005-08-02 19:13:39"
274,274,2.99,"2005-08-17 20:11:35"
275,275,2.99,"2005-08-18 09:19:12"
276,276,4.99,"2005-08-19 19:23:30"
277,277,2.99,"2005-08-20 16:43:28"
278,278,5.99,"2005-08-22 21:59:29"
279,279,6.99,"2005-05-30 22:59:12"
280,280,6.99,"2005-06-15 20:53:07"
281,281,7.99,"2005-06-17 07:26:45"
282,282,0.99,"2005-06-20 23:49:12"
283,283,2.99,"2005-07-08 07:19:11"
284,284,4.99,"2005-07-08 22:43:05"
285,285,5.99,"2005-07-10 16:44:58"
286,286,6.99,"2005-07-11 09:09:59"
287,287,4.99,"2005-07-27 13:13:32"
288,288,4.99,"2005-07-28 15:32:07"
289,289,2.99,"2005-07-28 18:43:11"
290,290,1.99,"2005-07-29 07:38:14"
291,291,0.99,"2005-07-29 17:33:45"
292,292,9.99,"2005-07-30 03:17:13"
293,293,6.99,"2005-07-30 16:08:21"
294,294,4.99,"2005-08-01 22:41:16"
295,295,6.99,"2005-08-02 10:14:58"
296,296,0.99,"2005-08-16 23:06:30"
297,297,5.99,"2005-08-17 19:32:44"
298,298,0.99,"2005-08-20 05:07:27"
299,299,4.99,"2005-08-20 12:17:27"
300,300,0.99,"2005-08-22 12:42:47"
301,301,2.99,"2005-08-22 17:46:41"
302,302,0.99,"2006-02-14 15:16:03"
303,303,4.99,"2005-05-30 23:08:03"
304,304,4.99,"2005-05-31 11:10:17"
305,305,5.99,"2005-06-16 17:02:55"
306,306,5.99,"2005-06-18 18:11:51"
307,307,5.99,"2005-06-18 23:07:12"
308,308,4.99,"2005-06-19 08:11:51"
309,309,2.99,"2005-06-20 19:33:52"
310,310,0.99,"2005-06-21 16:31:27"
311,311,3.99,"2005-07-06 17:57:54"
312,312,0.99,"2005-07-09 05:00:39"
313,313,0.99,"2005-07-09 05:06:24"
314,314,0.99,"2005-07-09 07:02:19"
315,315,3.99,"2005-07-09 13:20:25"
316,316,2.99,"2005-07-12 15:55:39"
317,317,0.99,"2005-07-27 01:44:03"
318,318,0.99,"2005-07-27 11:50:47"
319,319,0.99,"2005-07-30 04:34:51"
320,320,4.99,"2005-07-30 11:26:28"
321,321,5.99,"2005-07-30 13:49:43"
322,322,5.99,"2005-07-31 04:42:46"
323,323,5.99,"2005-07-31 07:45:33"
324,324,10.99,"2005-08-01 06:50:26"
325,325,0.99,"2005-08-16 22:52:30"
326,326,4.99,"2005-08-18 16:58:48"
327,327,0.99,"2005-08-20 02:37:07"
328,328,2.99,"2005-08-20 15:58:28"
329,329,4.99,"2005-08-21 05:19:39"
330,330,0.99,"2005-08-23 20:28:44"
331,331,2.99,"2005-06-17 06:54:42"
332,332,4.99,"2005-06-18 02:24:01"
333,333,2.99,"2005-06-20 06:26:57"
334,334,8.99,"2005-06-20 12:45:33"
335,335,2.99,"2005-07-06 21:39:24"
336,336,8.99,"2005-07-11 07:43:08"
337,337,2.99,"2005-07-12 05:45:47"
338,338,0.99,"2005-07-12 20:13:45"
339,339,2.99,"2005-07-12 21:30:41"
340,340,2.99,"2005-07-28 11:49:53"
341,341,2.99,"2005-07-29 01:38:53"
342,342,11.99,"2005-07-29 22:37:41"
343,343,9.99,"2005-07-30 14:38:22"
344,344,0.99,"2005-07-30 21:29:41"
345,345,0.99,"2005-07-31 06:12:08"
346,346,7.99,"2005-07-31 08:58:40"
347,347,4.99,"2005-07-31 17:48:51"
348,348,4.99,"2005-08-02 14:58:41"
349,349,0.99,"2005-08-02 16:05:17"
350,350,5.99,"2005-08-17 09:44:59"
351,351,7.99,"2005-08-19 04:31:36"
352,352,4.99,"2005-08-19 10:49:03"
353,353,0.99,"2005-08-19 15:25:48"
354,354,0.99,"2005-08-20 00:33:19"
355,355,9.99,"2005-08-21 05:44:07"
356,356,7.99,"2005-08-21 15:44:23"
357,357,4.99,"2005-08-22 20:51:24"
358,358,0.99,"2005-05-26 00:37:28"
359,359,9.99,"2005-05-27 04:34:41"
360,360,5.99,"2005-05-28 04:25:33"
361,361,2.99,"2005-05-28 22:04:30"
362,362,0.99,"2005-05-29 20:24:28"
363,363,4.99,"2005-06-15 13:32:15"
364,364,2.99,"2005-07-06 10:21:49"
365,365,0.99,"2005-07-08 23:00:07"
366,366,0.99,"2005-07-09 06:37:07"
367,367,7.99,"2005-07-09 16:10:25"
368,368,4.99,"2005-07-09 19:14:32"
369,369,7.99,"2005-07-10 03:29:48"
370,370,6.99,"2005-07-28 16:23:01"
371,371,0.99,"2005-07-28 16:45:11"
372,372,3.99,"2005-07-29 11:11:33"
373,373,4.99,"2005-07-29 22:46:08"
374,374,4.99,"2005-07-30 21:36:15"
375,375,2.99,"2005-07-31 03:21:16"
376,376,2.99,"2005-08-01 05:23:00"
377,377,6.99,"2005-08-01 11:55:33"
378,378,4.99,"2005-08-02 22:18:24"
379,379,3.99,"2005-08-17 00:27:23"
380,380,2.99,"2005-08-18 19:16:47"
381,381,4.99,"2005-08-20 11:20:12"
382,382,6.99,"2005-08-22 08:43:50"
383,383,0.99,"2005-08-22 22:08:11"
384,384,0.99,"2005-08-23 22:25:26"
385,385,4.99,"2006-02-14 15:16:03"
386,386,2.99,"2005-06-18 21:26:56"
387,387,5.99,"2005-06-20 05:15:37"
388,388,0.99,"2005-06-20 22:52:18"
389,389,7.99,"2005-07-06 02:29:21"
390,390,5.99,"2005-07-07 07:26:19"
391,391,2.99,"2005-07-10 11:02:03"
392,392,2.99,"2005-07-11 00:14:19"
393,393,4.99,"2005-07-27 05:15:37"
394,394,0.99,"2005-07-28 22:50:50"
395,395,6.99,"2005-07-29 13:36:01"
396,396,4.99,"2005-07-30 02:13:31"
397,397,2.99,"2005-07-31 17:22:35"
398,398,2.99,"2005-08-02 08:44:18"
399,399,2.99,"2005-08-02 09:29:11"
400,400,2.99,"2005-08-02 15:48:08"
401,401,2.99,"2005-08-02 17:09:24"
402,402,7.99,"2005-08-17 16:20:37"
403,403,2.99,"2005-08-18 04:39:10"
404,404,2.99,"2005-08-18 14:46:26"
405,405,2.99,"2005-08-18 18:00:23"
406,406,8.99,"2005-08-19 20:18:36"
407,407,5.99,"2005-08-19 22:03:46"
408,408,5.99,"2005-08-20 02:00:33"
409,409,4.99,"2005-08-20 03:41:41"
410,410,3.99,"2005-08-20 08:34:41"
411,411,0.99,"2005-08-21 16:31:22"
412,412,4.99,"2005-08-21 23:53:35"
413,413,8.99,"2005-08-22 03:23:41"
414,414,0.99,"2005-08-22 15:36:04"
415,415,4.99,"2005-08-23 17:12:31"
416,416,3.98,"2006-02-14 15:16:03"
417,417,0,"2006-02-14 15:16:03"
418,418,3.99,"2005-05-27 03:07:10"
419,419,2.99,"2005-05-28 13:33:23"
420,420,0.99,"2005-05-30 07:10:00"
421,421,2.99,"2005-05-31 02:53:36"
422,422,6.99,"2005-06-17 07:04:57"
423,423,7.99,"2005-06-17 07:50:53"
424,425,7.99,"2005-06-20 07:10:09"
425,426,0.99,"2005-06-21 11:16:42"
426,427,0.99,"2005-07-06 02:23:39"
427,428,2.99,"2005-07-07 12:11:22"
428,429,3.99,"2005-07-07 14:24:44"
429,430,4.99,"2005-07-08 02:45:19"
430,431,4.99,"2005-07-11 06:40:31"
431,432,0.99,"2005-07-27 19:39:38"
432,433,2.99,"2005-07-27 22:03:41"
433,434,5.99,"2005-07-29 07:45:00"
434,435,0.99,"2005-07-30 11:12:03"
435,436,5.99,"2005-07-31 03:54:05"
436,437,2.99,"2005-08-01 17:53:02"
437,438,2.99,"2005-08-01 19:15:08"
438,439,0.99,"2005-08-02 15:50:44"
439,440,2.99,"2005-08-17 22:53:00"
440,441,4.99,"2005-08-18 07:41:43"
441,442,7.99,"2005-08-18 15:39:46"
442,443,4.99,"2005-08-19 13:08:23"
443,444,4.99,"2005-08-19 22:01:42"
444,445,6.99,"2005-08-20 01:10:27"
445,446,8.99,"2005-08-21 14:45:34"
446,447,2.99,"2005-05-26 19:44:54"
447,448,2.99,"2005-05-28 11:19:53"
448,449,4.99,"2005-05-30 06:41:32"
449,450,5.99,"2005-06-18 00:17:58"
450,451,8.99,"2005-06-19 12:29:08"
451,452,5.99,"2005-06-21 05:06:30"
452,453,3.99,"2005-07-10 10:46:57"
453,454,3.99,"2005-07-10 19:25:21"
454,455,1.99,"2005-07-12 20:52:41"
455,456,8.99,"2005-07-28 17:45:58"
456,457,2.99,"2005-07-28 23:37:33"
457,458,8.99,"2005-07-30 08:30:56"
458,459,2.99,"2005-07-30 10:11:52"
459,460,8.99,"2005-07-30 19:23:44"
460,461,0.99,"2005-07-30 23:43:32"
461,462,4.99,"2005-08-17 18:26:22"
462,463,2.99,"2005-08-20 10:24:41"
463,464,2.99,"2005-08-20 21:43:44"
464,465,2.99,"2005-08-21 08:15:41"
465,466,2.99,"2005-08-21 08:42:26"
466,467,5.99,"2005-08-23 12:41:38"
467,468,2.99,"2005-05-25 06:44:53"
468,469,4.99,"2005-05-25 19:27:51"
469,470,4.99,"2005-05-29 01:32:10"
470,471,5.99,"2005-06-15 19:30:18"
471,472,4.99,"2005-06-16 19:23:23"
472,473,5.99,"2005-06-17 19:52:42"
473,474,8.99,"2005-06-20 09:02:51"
474,475,3.99,"2005-07-08 10:15:38"
475,476,3.99,"2005-07-08 12:46:30"
476,477,3.99,"2005-07-08 21:44:39"
477,478,2.99,"2005-07-11 08:15:08"
478,479,0.99,"2005-07-12 19:20:45"
479,480,2.99,"2005-07-28 19:27:37"
480,481,4.99,"2005-07-29 11:18:01"
481,482,4.99,"2005-07-30 06:18:38"
482,483,4.99,"2005-07-30 09:13:21"
483,484,4.99,"2005-08-01 17:32:53"
484,485,1.99,"2005-08-01 19:05:18"
485,486,4.99,"2005-08-02 08:03:02"
486,487,4.99,"2005-08-02 20:22:45"
487,488,0.99,"2005-08-18 06:51:39"
488,489,0.99,"2005-08-20 01:29:29"
489,490,0.99,"2005-05-25 01:10:47"
490,491,9.99,"2005-05-25 18:43:49"
491,492,6.99,"2005-05-26 04:26:06"
492,493,2.99,"2005-05-27 03:22:30"
493,494,2.99,"2005-05-28 13:11:04"
494,495,2.99,"2005-05-29 01:59:10"
495,496,2.99,"2005-06-19 10:42:59"
496,497,2.99,"2005-06-19 22:55:37"
497,498,2.99,"2005-06-21 17:38:02"
498,499,4.99,"2005-07-06 02:24:55"
499,500,4.99,"2005-07-12 02:57:02"
500,501,5.99,"2005-07-30 11:06:23"
501,502,0.99,"2005-07-30 14:29:29"
502,503,9.99,"2005-07-31 20:01:06"
503,504,7.99,"2005-07-31 23:40:35"
504,505,8.99,"2005-08-16 23:27:36"
505,506,5.99,"2005-08-17 14:10:22"
506,507,9.99,"2005-08-18 02:31:18"
507,508,2.99,"2005-08-18 07:40:52"
508,509,8.99,"2005-08-20 09:53:44"
509,510,8.99,"2005-08-20 12:46:32"
510,511,4.99,"2005-08-21 00:33:03"
511,512,2.99,"2005-08-22 09:57:16"
512,513,0.99,"2005-08-23 03:46:47"
513,514,2.99,"2005-05-26 07:27:36"
514,515,6.99,"2005-05-28 00:54:39"
515,516,1.99,"2005-05-28 07:16:25"
516,517,0.99,"2005-06-16 02:33:53"
517,518,3.99,"2005-06-17 21:16:41"
518,519,4.99,"2005-06-18 11:46:26"
519,520,4.99,"2005-06-21 11:21:38"
520,521,3.99,"2005-07-07 00:48:25"
521,522,2.99,"2005-07-07 21:39:45"
522,523,2.99,"2005-07-10 11:03:20"
523,524,2.99,"2005-07-11 15:10:18"
524,525,6.99,"2005-07-11 15:53:00"
525,526,4.99,"2005-07-27 09:31:44"
526,527,5.99,"2005-07-28 10:06:10"
527,528,2.99,"2005-07-28 19:45:19"
528,529,4.99,"2005-07-30 07:55:14"
529,530,3.99,"2005-07-30 22:53:52"
530,531,4.99,"2005-08-01 03:33:19"
531,532,7.99,"2005-08-01 14:59:50"
532,533,1.99,"2005-08-02 03:30:24"
533,534,0.99,"2005-08-17 12:27:55"
534,535,0.99,"2005-08-18 01:28:15"
535,536,4.99,"2005-08-19 08:48:37"
536,537,4.99,"2005-08-19 12:26:32"
537,538,2.99,"2005-08-19 19:25:42"
538,539,2.99,"2005-08-21 18:03:20"
539,540,6.99,"2005-08-22 10:19:58"
540,541,1.99,"2005-08-22 14:37:22"
541,542,0.99,"2005-08-22 17:53:06"
542,543,2.99,"2005-08-23 01:10:42"
543,544,3.99,"2005-05-26 15:42:20"
544,545,3.99,"2005-05-27 20:11:47"
545,546,0.99,"2005-05-28 10:15:04"
546,547,7.99,"2005-06-18 04:08:50"
547,548,4.99,"2005-06-18 06:13:41"
548,549,2.99,"2005-06-18 15:37:55"
549,550,4.99,"2005-06-19 21:14:33"
550,551,10.99,"2005-06-21 01:04:35"
551,552,4.99,"2005-07-09 06:42:32"
552,553,3.99,"2005-07-10 13:27:40"
553,554,2.99,"2005-07-10 23:43:23"
554,555,1.99,"2005-07-26 23:28:13"
555,556,0.99,"2005-07-28 14:56:54"
556,557,6.99,"2005-07-28 22:56:11"
557,558,2.99,"2005-07-29 23:49:23"
558,559,0.99,"2005-07-30 10:45:12"
559,560,5.99,"2005-07-31 07:29:25"
560,561,4.99,"2005-08-01 13:23:06"
561,562,0.99,"2005-08-01 19:28:47"
562,563,0.99,"2005-08-02 07:10:57"
563,564,0.99,"2005-08-17 17:53:09"
564,565,2.99,"2005-08-17 23:34:16"
565,566,4.99,"2005-08-18 19:07:23"
566,567,6.99,"2005-08-18 23:34:22"
567,568,2.99,"2005-08-19 21:37:57"
568,569,4.99,"2005-08-19 22:09:28"
569,570,4.99,"2005-08-19 22:43:38"
570,571,8.99,"2005-08-20 00:50:54"
571,572,9.99,"2005-08-20 09:26:14"
572,573,4.99,"2005-08-20 10:48:43"
573,574,8.99,"2005-08-20 23:24:07"
574,575,2.99,"2005-08-21 02:51:59"
575,576,2.99,"2005-08-21 12:10:41"
576,577,4.99,"2005-08-22 03:20:26"
577,578,2.99,"2006-02-14 15:16:03"
578,579,4.99,"2005-05-27 07:49:43"
579,580,4.99,"2005-05-28 08:31:36"
580,581,8.99,"2005-05-29 21:07:22"
581,582,2.99,"2005-06-21 17:18:01"
582,583,2.99,"2005-07-07 12:00:52"
583,584,6.99,"2005-07-09 15:23:42"
584,585,2.99,"2005-07-10 15:48:19"
585,586,4.99,"2005-07-27 04:42:08"
586,587,7.99,"2005-07-28 04:02:58"
587,588,0.99,"2005-07-30 20:38:05"
588,589,4.99,"2005-07-31 03:01:11"
589,590,5.99,"2005-08-17 19:54:54"
590,591,2.99,"2005-08-17 23:22:46"
591,592,0.99,"2005-08-19 00:42:24"
592,593,9.99,"2005-08-19 09:43:25"
593,594,2.99,"2005-08-20 22:18:53"
594,595,6.99,"2005-08-21 16:24:43"
595,596,7.99,"2005-08-22 13:18:25"
596,597,6.99,"2005-08-23 06:03:31"
597,598,4.99,"2005-08-23 08:48:43"
598,599,4.99,"2005-08-23 14:06:19"
599,600,4.99,"2006-02-14 15:16:03"
600,601,8.99,"2005-05-25 21:20:03"
601,602,2.99,"2005-05-28 20:15:30"
602,603,0.99,"2005-05-31 12:03:44"
603,604,1.99,"2005-06-19 16:44:35"
604,605,0.99,"2005-06-19 20:50:01"
605,606,5.99,"2005-06-20 10:48:56"
606,607,4.99,"2005-06-20 13:19:58"
607,608,2.99,"2005-06-21 21:49:18"
608,609,3.99,"2005-07-06 11:43:44"
609,610,2.99,"2005-07-06 13:53:41"
610,611,2.99,"2005-07-08 18:43:18"
611,612,2.99,"2005-07-11 12:43:07"
612,613,2.99,"2005-07-11 14:20:18"
613,614,5.99,"2005-07-12 22:30:15"
614,615,7.99,"2005-07-27 07:18:46"
615,616,2.99,"2005-07-28 15:33:03"
616,617,0.99,"2005-07-29 17:41:14"
617,618,5.99,"2005-07-30 12:55:36"
618,619,9.99,"2005-07-30 14:26:46"
619,620,3.99,"2005-07-31 08:25:03"
620,621,6.99,"2005-07-31 21:50:24"
621,622,2.99,"2005-08-02 01:29:57"
622,623,2.99,"2005-08-16 23:04:53"
623,624,2.99,"2005-08-19 18:31:50"
624,625,4.99,"2005-08-19 20:00:25"
625,626,6.99,"2005-08-19 23:25:37"
626,627,0.99,"2005-08-20 02:21:40"
627,628,0.99,"2005-08-20 04:12:41"
628,629,2.99,"2005-08-21 13:42:45"
629,630,2.99,"2006-02-14 15:16:03"
630,631,6.99,"2005-05-31 01:02:28"
631,632,2.99,"2005-05-31 10:22:54"
632,633,2.99,"2005-06-16 14:39:31"
633,634,2.99,"2005-06-17 16:27:51"
634,635,4.99,"2005-06-17 20:16:12"
635,636,5.99,"2005-06-18 19:28:02"
636,637,7.99,"2005-06-20 07:33:09"
637,638,7.99,"2005-07-06 07:32:42"
638,639,2.99,"2005-07-07 20:29:08"
639,640,0.99,"2005-07-09 16:00:34"
640,641,0.99,"2005-07-10 07:09:21"
641,642,4.99,"2005-07-12 19:46:29"
642,643,1.99,"2005-07-27 11:22:17"
643,644,4.99,"2005-07-30 03:15:37"
644,645,0.99,"2005-07-31 08:31:18"
645,646,0.99,"2005-07-31 15:08:47"
646,647,2.99,"2005-08-01 10:38:27"
647,648,2.99,"2005-08-02 12:09:45"
648,649,2.99,"2005-08-17 00:57:36"
649,650,8.99,"2005-08-18 00:53:37"
650,651,2.99,"2005-08-18 22:22:45"
651,652,1.99,"2005-08-19 07:34:53"
652,653,4.99,"2005-08-19 09:40:53"
653,654,0.99,"2005-08-19 16:45:59"
654,655,4.99,"2005-08-22 21:28:59"
655,656,7.99,"2005-05-25 14:31:25"
656,657,2.99,"2005-05-31 04:50:07"
657,658,4.99,"2005-06-15 12:17:34"
658,659,2.99,"2005-06-15 14:09:55"
659,660,6.99,"2005-06-16 17:13:23"
660,661,8.99,"2005-06-19 08:23:11"
661,662,4.99,"2005-06-20 02:41:28"
662,663,4.99,"2005-06-21 20:53:31"
663,664,2.99,"2005-07-07 15:26:31"
664,665,0.99,"2005-07-07 17:50:27"
665,666,2.99,"2005-07-07 21:31:53"
666,667,2.99,"2005-07-10 19:19:43"
667,668,4.99,"2005-07-12 11:06:17"
668,669,2.99,"2005-07-12 22:02:18"
669,670,2.99,"2005-07-29 15:40:57"
670,671,0.99,"2005-07-30 00:15:57"
671,672,8.99,"2005-07-30 10:12:01"
672,673,2.99,"2005-07-30 17:56:38"
673,674,2.99,"2005-07-31 14:59:37"
674,675,2.99,"2005-07-31 20:49:13"
675,676,5.99,"2005-08-01 04:49:06"
676,677,2.99,"2005-08-02 00:12:32"
677,678,2.99,"2005-08-02 02:05:59"
678,679,0.99,"2005-08-17 04:48:05"
679,680,0.99,"2005-08-19 04:48:48"
680,681,4.99,"2005-08-21 03:38:27"
681,682,4.99,"2005-08-21 05:13:16"
682,683,0.99,"2005-08-23 02:57:30"
683,684,5.99,"2005-08-23 20:00:30"
684,685,2.99,"2005-05-29 16:59:44"
685,686,2.99,"2005-05-31 14:33:56"
686,687,5.99,"2005-06-15 18:53:14"
687,688,4.99,"2005-06-16 14:01:02"
688,689,9.99,"2005-06-17 18:14:08"
689,690,3.99,"2005-06-18 17:07:34"
690,691,6.99,"2005-06-18 17:25:05"
691,692,4.99,"2005-06-19 01:27:46"
692,693,4.99,"2005-06-19 16:21:19"
693,694,2.99,"2005-07-07 04:32:28"
694,695,4.99,"2005-07-07 14:42:04"
695,696,4.99,"2005-07-07 20:41:03"
696,697,0.99,"2005-07-07 21:28:46"
697,698,6.99,"2005-07-07 22:39:02"
698,699,3.99,"2005-07-08 03:43:22"
699,700,6.99,"2005-07-08 09:09:46"
700,701,2.99,"2005-07-09 21:32:29"
701,702,1.99,"2005-07-11 09:19:31"
702,703,2.99,"2005-07-11 14:53:25"
703,704,0.99,"2005-07-27 13:55:18"
704,705,4.99,"2005-07-29 00:33:36"
705,706,0.99,"2005-07-30 23:31:40"
706,707,3.99,"2005-08-01 06:42:20"
707,708,3.99,"2005-08-02 04:48:11"
708,709,2.99,"2005-08-02 16:04:08"
709,710,0.99,"2005-08-02 17:00:12"
710,711,5.99,"2005-08-17 08:54:30"
711,712,4.99,"2005-08-19 11:25:10"
712,713,4.99,"2005-08-21 03:24:29"
713,714,8.99,"2005-08-21 03:37:42"
714,715,1.99,"2005-08-21 17:51:06"
715,716,7.99,"2005-08-21 20:12:30"
716,717,2.99,"2005-08-22 22:34:44"
717,718,7.99,"2005-08-23 11:16:29"
718,719,2.99,"2005-05-29 16:03:03"
719,720,4.99,"2005-06-15 10:11:42"
720,721,4.99,"2005-06-15 21:17:17"
721,722,2.99,"2005-06-16 13:05:09"
722,723,3.99,"2005-06-17 08:59:57"
723,724,2.99,"2005-06-18 23:48:47"
724,725,4.99,"2005-06-19 20:03:29"
725,726,1.99,"2005-06-20 12:28:59"
726,727,3.99,"2005-06-21 17:22:36"
727,728,0.99,"2005-07-07 02:52:53"
728,729,5.99,"2005-07-08 02:34:51"
729,730,0.99,"2005-07-10 03:01:19"
730,731,4.99,"2005-07-10 11:45:48"
731,732,0.99,"2005-07-11 07:36:50"
732,733,5.99,"2005-07-12 05:26:26"
733,734,4.99,"2005-07-12 11:13:21"
734,735,1.99,"2005-07-28 12:13:42"
735,736,0.99,"2005-07-30 14:06:53"
736,737,5.99,"2005-07-31 05:12:59"
737,738,7.99,"2005-07-31 06:34:55"
738,739,4.99,"2005-07-31 14:39:52"
739,740,7.99,"2005-08-01 21:51:15"
740,741,4.99,"2005-08-02 00:00:33"
741,742,0.99,"2005-08-02 13:12:17"
742,743,8.99,"2005-08-17 05:25:57"
743,744,6.99,"2005-08-17 08:48:31"
744,745,5.99,"2005-08-17 19:52:43"
745,746,0.99,"2005-08-18 11:28:14"
746,747,2.99,"2005-08-18 13:57:50"
747,748,4.99,"2005-08-20 13:13:56"
748,749,0.99,"2005-08-22 10:00:04"
749,750,2.99,"2005-05-27 10:37:27"
750,751,2.99,"2005-05-30 04:19:55"
751,752,2.99,"2005-06-15 04:58:07"
752,753,4.99,"2005-06-16 01:24:08"
753,754,3.99,"2005-06-18 08:18:52"
754,755,0.99,"2005-06-19 06:30:10"
755,756,0.99,"2005-06-21 02:25:00"
756,757,0.99,"2005-07-06 16:38:14"
757,758,0.99,"2005-07-08 11:45:35"
758,759,4.99,"2005-07-08 22:58:21"
759,760,2.99,"2005-07-10 07:21:27"
760,761,5.99,"2005-07-10 15:49:12"
761,762,0.99,"2005-07-11 02:49:01"
762,763,0.99,"2005-07-12 01:37:48"
763,764,9.99,"2005-07-27 23:07:40"
764,765,4.99,"2005-07-29 08:18:20"
765,766,2.99,"2005-07-30 01:07:12"
766,767,2.99,"2005-07-31 01:44:51"
767,768,4.99,"2005-07-31 03:22:30"
768,769,4.99,"2005-07-31 07:40:33"
769,770,2.99,"2005-07-31 21:14:02"
770,771,6.99,"2005-08-01 03:48:12"
771,772,2.99,"2005-08-02 20:32:55"
772,773,3.99,"2005-08-17 13:44:49"
773,774,2.99,"2005-08-18 01:54:44"
774,775,0.99,"2005-08-18 07:44:05"
775,776,2.99,"2005-08-18 20:59:17"
776,777,4.99,"2005-08-20 12:11:03"
777,778,2.99,"2005-08-21 15:34:23"
778,779,4.99,"2005-08-23 00:48:29"
779,780,2.99,"2005-08-23 02:08:40"
780,781,2.99,"2006-02-14 15:16:03"
781,782,1.99,"2005-05-26 06:52:33"
782,783,0.99,"2005-06-19 10:38:42"
783,784,0.99,"2005-06-19 11:42:20"
784,785,7.99,"2005-06-19 13:33:06"
785,786,2.99,"2005-06-19 15:42:07"
786,787,2.99,"2005-06-19 19:18:09"
787,788,2.99,"2005-06-20 04:16:07"
788,789,2.99,"2005-06-21 08:49:16"
789,790,6.99,"2005-07-07 14:24:30"
790,791,0.99,"2005-07-07 17:36:56"
791,792,0.99,"2005-07-08 03:40:46"
792,793,10.99,"2005-07-09 21:55:19"
793,794,1.99,"2005-07-10 17:59:29"
794,795,3.99,"2005-07-27 10:12:36"
795,796,6.99,"2005-07-27 18:18:41"
796,797,0.99,"2005-07-27 18:27:13"
797,798,2.99,"2005-07-29 15:50:14"
798,799,4.99,"2005-07-30 19:50:13"
799,800,4.99,"2005-07-31 15:48:54"
800,801,5.99,"2005-08-01 12:36:09"
801,802,1.99,"2005-08-02 01:30:21"
802,803,4.99,"2005-08-02 07:29:10"
803,804,2.99,"2005-08-17 17:34:38"
804,805,4.99,"2005-08-18 12:48:22"
805,806,2.99,"2005-08-18 13:20:13"
806,807,6.99,"2005-08-18 15:20:46"
807,808,6.99,"2005-08-18 17:16:07"
808,809,2.99,"2005-08-19 13:50:36"
809,810,0.99,"2005-08-19 23:36:25"
810,811,2.99,"2005-08-20 12:03:35"
811,812,3.99,"2005-08-20 14:00:25"
812,813,0.99,"2005-08-21 03:01:45"
813,814,4.99,"2005-08-21 21:01:19"
814,815,7.99,"2005-08-22 07:35:56"
815,816,5.99,"2005-08-22 07:53:00"
816,817,0.99,"2006-02-14 15:16:03"
817,818,1.99,"2005-06-17 02:39:20"
818,819,2.99,"2005-06-17 04:25:12"
819,820,4.99,"2005-06-17 22:59:42"
820,821,2.99,"2005-06-19 15:10:09"
821,822,4.99,"2005-07-06 22:23:02"
822,823,2.99,"2005-07-08 00:21:29"
823,824,2.99,"2005-07-08 09:13:28"
824,825,5.99,"2005-07-09 02:34:45"
825,826,9.99,"2005-07-09 06:44:30"
826,827,0.99,"2005-07-09 15:14:08"
827,828,7.99,"2005-07-11 00:08:54"
828,829,0.99,"2005-07-11 15:02:02"
829,830,2.99,"2005-07-11 21:06:17"
830,831,2.99,"2005-07-27 16:03:08"
831,832,4.99,"2005-07-28 06:45:23"
832,833,4.99,"2005-07-28 16:12:53"
833,834,4.99,"2005-07-28 16:32:55"
834,835,4.99,"2005-07-28 18:09:48"
835,836,2.99,"2005-07-29 14:37:30"
836,837,2.99,"2005-07-30 16:55:53"
837,838,0.99,"2005-07-31 02:04:58"
838,839,0.99,"2005-07-31 05:33:48"
839,840,2.99,"2005-07-31 17:40:35"
840,841,6.99,"2005-08-01 01:57:48"
841,842,2.99,"2005-08-18 03:27:11"
842,843,2.99,"2005-08-18 14:29:37"
843,844,0.99,"2005-08-18 22:58:34"
844,845,0.99,"2005-08-19 23:35:44"
845,846,4.99,"2005-08-20 08:50:39"
846,847,0.99,"2005-08-21 08:37:15"
847,848,2.99,"2005-08-21 17:18:33"
848,849,4.99,"2005-08-22 10:39:51"
849,850,4.99,"2005-08-23 04:17:56"
850,851,2.99,"2005-08-23 15:17:14"
851,852,4.99,"2005-06-16 10:05:40"
852,853,1.99,"2005-06-16 23:20:16"
853,854,0.99,"2005-06-18 03:57:36"
854,855,6.99,"2005-06-18 11:35:30"
855,856,7.99,"2005-06-18 15:49:48"
856,857,0.99,"2005-06-18 18:34:21"
857,858,0.99,"2005-06-19 01:20:00"
858,859,4.99,"2005-06-19 10:06:20"
859,860,2.99,"2005-06-20 18:05:15"
860,861,1.99,"2005-06-20 22:19:25"
861,862,0.99,"2005-06-21 00:38:47"
862,863,4.99,"2005-07-06 10:12:45"
863,864,4.99,"2005-07-06 22:45:10"
864,865,6.99,"2005-07-07 07:15:35"
865,866,9.99,"2005-07-08 13:24:58"
866,867,3.99,"2005-07-11 12:34:56"
867,868,4.99,"2005-07-12 06:26:10"
868,869,1.99,"2005-07-27 01:23:24"
869,870,3.99,"2005-07-27 06:47:13"
870,871,2.99,"2005-07-27 08:09:25"
871,872,2.99,"2005-07-27 18:49:42"
872,873,0.99,"2005-07-30 04:53:56"
873,874,4.99,"2005-08-17 22:17:09"
874,875,0.99,"2005-08-18 08:26:05"
875,876,6.99,"2005-08-23 09:37:34"
876,877,6.99,"2005-08-23 14:58:06"
877,878,4.99,"2005-05-27 23:00:25"
878,879,4.99,"2005-05-29 17:52:30"
879,880,4.99,"2005-05-31 09:12:13"
880,881,6.99,"2005-06-17 03:53:18"
881,882,0.99,"2005-06-17 23:39:11"
882,883,5.99,"2005-06-19 08:22:09"
883,884,1.99,"2005-06-20 02:02:05"
884,885,2.99,"2005-07-06 00:11:13"
885,886,2.99,"2005-07-07 22:48:34"
886,887,2.99,"2005-07-08 15:33:32"
887,888,0.99,"2005-07-08 20:37:11"
888,889,9.99,"2005-07-09 15:57:15"
889,890,0.99,"2005-07-10 13:13:18"
890,891,2.99,"2005-07-10 23:22:01"
891,892,3.99,"2005-07-11 07:58:07"
892,893,2.99,"2005-07-12 00:49:05"
893,894,6.99,"2005-07-27 04:34:07"
894,895,5.99,"2005-07-27 23:23:36"
895,896,2.99,"2005-07-28 07:26:14"
896,897,5.99,"2005-07-29 05:52:26"
897,898,2.99,"2005-07-29 07:46:29"
898,899,2.99,"2005-07-30 01:42:03"
899,900,4.99,"2005-08-02 09:22:25"
900,901,4.99,"2005-08-17 12:54:47"
901,902,9.99,"2005-08-18 09:50:40"
902,903,8.99,"2005-08-20 10:31:23"
903,904,1.99,"2005-08-20 17:16:10"
904,905,0.99,"2005-08-20 23:18:54"
905,906,5.99,"2005-08-21 16:32:32"
906,907,2.99,"2005-05-26 02:28:36"
907,908,10.99,"2005-06-15 09:46:33"
908,909,8.99,"2005-06-20 22:21:10"
909,910,5.99,"2005-07-07 06:01:48"
910,911,0.99,"2005-07-09 20:49:12"
911,912,4.99,"2005-07-10 11:14:48"
912,913,0.99,"2005-07-11 16:36:17"
913,914,4.99,"2005-07-28 14:53:06"
914,915,4.99,"2005-07-30 06:31:45"
915,916,4.99,"2005-07-30 08:17:24"
916,917,1.99,"2005-07-30 14:26:11"
917,918,2.99,"2005-08-01 04:59:30"
918,919,4.99,"2005-08-02 00:27:12"
919,920,7.99,"2005-08-19 16:25:00"
920,921,2.99,"2005-08-20 14:50:57"
921,922,7.99,"2005-08-20 18:11:44"
922,923,0.99,"2005-08-20 20:12:19"
923,924,0.99,"2005-08-21 18:29:13"
924,925,5.99,"2005-08-22 11:43:04"
925,926,2.99,"2005-08-22 12:28:01"
926,927,0.99,"2006-02-14 15:16:03"
927,928,4.99,"2005-06-17 04:29:58"
928,929,5.99,"2005-06-18 05:29:52"
929,930,0.99,"2005-06-20 20:35:28"
930,931,3.99,"2005-07-06 00:24:25"
931,932,2.99,"2005-07-06 20:09:11"
932,933,4.99,"2005-07-09 10:22:31"
933,934,4.99,"2005-07-10 06:49:00"
934,935,5.99,"2005-07-10 21:32:06"
935,936,2.99,"2005-07-27 02:15:01"
936,937,2.99,"2005-07-27 06:09:30"
937,938,0.99,"2005-07-27 21:20:52"
938,939,3.99,"2005-07-30 11:17:33"
939,940,0.99,"2005-08-01 11:52:32"
940,941,4.99,"2005-08-01 14:58:14"
941,942,0.99,"2005-08-02 08:05:19"
942,943,2.99,"2005-08-16 23:18:47"
943,944,4.99,"2005-08-17 07:15:47"
944,945,2.99,"2005-08-18 04:57:59"
945,946,2.99,"2005-08-18 16:42:45"
946,947,0.99,"2005-08-18 18:36:16"
947,948,4.99,"2005-08-19 21:21:47"
948,949,2.99,"2005-08-20 17:55:13"
949,950,5.99,"2005-08-21 20:32:08"
950,951,7.99,"2005-08-21 20:54:32"
951,952,3.99,"2005-05-25 06:05:20"
952,953,6.99,"2005-05-27 15:34:01"
953,954,0.99,"2005-06-16 04:09:08"
954,955,2.99,"2005-06-17 10:47:24"
955,956,4.99,"2005-06-18 03:50:18"
956,957,0.99,"2005-06-18 03:52:14"
957,958,2.99,"2005-06-19 16:15:56"
958,959,4.99,"2005-06-20 17:53:30"
959,960,2.99,"2005-07-06 05:03:59"
960,961,4.99,"2005-07-07 06:14:51"
961,962,0.99,"2005-07-09 00:48:49"
962,963,2.99,"2005-07-09 01:46:45"
963,964,0.99,"2005-07-09 16:34:07"
964,965,5.99,"2005-07-10 21:26:31"
965,966,0.99,"2005-07-10 23:47:08"
966,967,5.99,"2005-07-11 09:13:08"
967,968,4.99,"2005-07-11 22:44:34"
968,969,4.99,"2005-07-12 05:39:50"
969,970,4.99,"2005-07-12 05:56:38"
970,971,4.99,"2005-07-27 06:54:12"
971,972,6.99,"2005-07-29 22:20:21"
972,973,5.99,"2005-07-30 04:03:58"
973,974,2.99,"2005-07-30 06:07:42"
974,975,6.99,"2005-07-31 02:59:20"
975,976,1.99,"2005-08-02 15:32:32"
976,977,7.99,"2005-08-02 20:59:52"
977,978,4.99,"2005-08-17 04:50:56"
978,979,4.99,"2005-08-17 21:02:19"
979,980,2.99,"2005-08-20 10:31:01"
980,981,0.99,"2005-08-21 00:53:09"
981,982,2.99,"2005-08-21 01:31:51"
982,983,4.99,"2005-08-21 22:25:09"
983,984,0.99,"2005-05-27 04:53:11"
984,985,0.99,"2005-05-29 04:35:29"
985,986,0.99,"2005-06-19 16:05:41"
986,987,0.99,"2005-07-07 08:15:03"
987,988,4.99,"2005-07-08 04:58:48"
988,989,4.99,"2005-07-08 14:54:42"
989,990,0.99,"2005-07-09 20:07:09"
990,991,0.99,"2005-07-11 02:37:51"
991,992,6.99,"2005-07-27 09:06:13"
992,993,0.99,"2005-07-28 01:35:17"
993,994,6.99,"2005-07-28 11:59:45"
994,995,0.99,"2005-07-28 18:35:12"
995,996,2.99,"2005-07-29 05:52:50"
996,997,4.99,"2005-07-30 03:20:38"
997,998,2.99,"2005-07-30 18:52:19"
998,999,0.99,"2005-07-31 11:11:10"
999,1000,2.99,"2005-08-01 11:53:17"
1000,1001,2.99,"2005-08-01 20:25:35"
